,IP,asn_country_code,country_code
0,120.221.19.35,,CN
1,60.251.189.212,,TW
2,218.77.187.194,,CN
3,37.191.196.1,,NO
4,109.225.74.126,,SE
5,122.2.223.242,,PH
6,159.65.225.77,,US
7,96.71.207.229,,US
8,58.182.197.73,,SG
9,42.61.24.202,,SG
10,111.40.166.130,,CN
11,182.55.191.209,,SG
12,125.160.17.32,,ID
13,58.53.219.75,,CN
14,58.96.241.158,,SG
15,58.210.237.62,,CN
16,142.93.116.23,,US
17,223.220.170.246,,CN
18,218.84.70.60,,CN
19,182.55.143.3,,SG
20,178.128.45.4,,NL
21,61.160.254.19,,CN
22,68.183.164.32,,US
23,118.200.149.210,,SG
24,157.230.0.13,,US
25,120.132.125.90,,CN
26,223.68.134.29,,CN
27,218.28.239.250,,CN
28,220.180.155.26,,CN
29,61.74.37.155,,KR
30,219.147.95.246,,CN
31,68.183.108.233,,US
32,165.227.168.48,,US
33,178.128.10.163,,NL
34,68.183.110.254,,US
35,218.156.38.233,,KR
36,123.150.200.121,,CN
37,122.152.210.200,,CN
38,175.156.98.29,,SG
39,78.96.32.107,,RO
40,221.230.7.85,,CN
41,109.226.220.205,,RU
42,206.189.157.243,,US
43,142.93.217.156,,US
44,68.183.162.249,,US
45,58.182.74.100,,SG
46,61.164.96.82,,CN
47,118.85.194.26,,CN
48,181.65.251.227,,PE
49,64.113.113.158,,US
50,221.214.60.28,,CN
51,36.155.7.4,,CN
52,218.156.38.185,,KR
53,142.93.125.229,,US
54,60.173.82.156,,CN
55,61.164.96.158,,CN
56,165.227.222.234,,US
57,61.164.97.34,,CN
58,218.156.38.33,,KR
59,60.12.215.85,,CN
60,124.47.21.22,,CN
61,176.102.196.162,,UA
62,122.116.217.162,,TW
63,178.128.218.3,,NL
64,206.189.194.192,,US
65,222.186.66.6,,CN
66,80.211.33.156,,IT
67,149.56.206.195,,CA
68,60.172.5.25,,CN
69,223.87.73.224,,CN
70,195.9.141.238,,RU
71,222.55.211.75,,CN
72,89.249.1.170,,DK
73,61.239.249.170,,HK
74,61.153.56.30,,CN
75,176.112.64.131,,RU
76,38.68.160.156,,US
77,39.109.207.176,,SG
78,111.61.52.53,,CN
79,94.32.67.212,,IT
80,115.69.248.12,,IN
81,206.189.82.107,,US
82,220.179.77.183,,CN
83,217.61.5.246,,IT
84,121.221.132.73,,AU
85,218.156.38.130,,KR
86,115.43.175.111,,TW
87,221.122.101.203,,CN
88,90.150.90.182,,RU
89,192.117.232.178,,IL
90,175.198.234.62,,KR
91,103.231.163.254,,BD
92,23.99.229.228,,US
93,79.60.230.61,,IT
94,77.107.41.186,,SE
95,82.193.135.136,,RU
96,218.2.197.240,,CN
97,177.73.33.15,,BR
98,43.225.180.10,,CN
99,184.174.182.149,,US
100,202.100.182.250,,CN
101,218.156.85.17,,KR
102,221.214.60.11,,CN
103,142.93.39.232,,US
104,61.164.96.174,,CN
105,60.172.5.95,,CN
106,221.124.48.81,,HK
107,183.90.97.138,,SG
108,58.96.214.150,,SG
109,187.162.253.199,,MX
110,118.194.132.112,,CN
111,222.55.210.119,,CN
112,58.182.141.238,,SG
113,185.244.25.148,,NL
114,209.141.42.221,,US
115,104.248.116.118,,US
116,67.215.234.210,,US
117,103.210.135.136,,IN
118,207.180.236.39,,DE
119,111.40.168.90,,CN
120,104.248.120.63,,US
121,24.143.48.36,,US
122,113.4.131.140,,CN
123,110.235.250.213,,KH
124,117.71.18.20,,CN
125,206.189.11.145,,US
126,218.156.38.217,,KR
127,122.13.72.99,,CN
128,222.164.229.94,,SG
129,68.183.169.215,,US
130,87.251.82.211,,RU
131,61.164.96.182,,CN
132,142.93.214.19,,US
133,212.119.226.198,,RU
134,157.230.3.234,,US
135,173.15.98.210,,US
136,58.152.44.28,,HK
137,121.7.28.85,,SG
138,167.99.198.17,,US
139,60.166.40.26,,CN
140,50.249.177.140,,US
141,185.244.25.236,,NL
142,220.72.138.187,,KR
143,185.244.25.106,,NL
144,200.2.197.2,,CL
145,174.84.0.60,,US
146,104.248.127.198,,US
147,185.244.25.133,,NL
148,142.93.232.5,,US
149,58.42.228.170,,CN
150,120.28.151.44,,PH
151,223.112.102.250,,CN
152,113.108.221.106,,CN
153,90.150.21.51,,RU
154,116.87.117.8,,SG
155,67.43.109.124,,US
156,210.13.64.18,,CN
157,216.201.240.242,,US
158,79.60.42.116,,IT
159,159.89.42.173,,US
160,114.116.30.74,,CN
161,121.186.78.189,,KR
162,209.141.47.176,,US
163,176.197.7.126,,RU
164,202.130.117.2,,HK
165,74.93.73.169,,US
166,104.248.34.77,,US
167,211.193.211.96,,KR
168,222.92.19.227,,CN
169,212.247.48.66,,SE
170,221.2.156.42,,CN
171,114.255.183.86,,CN
172,122.116.237.12,,TW
173,221.182.115.133,,CN
174,58.67.193.126,,CN
175,206.189.81.27,,US
176,185.11.146.163,,NL
177,119.176.46.177,,CN
178,206.189.21.255,,US
179,183.230.146.26,,CN
180,220.134.69.4,,TW
181,211.216.76.139,,KR
182,112.105.152.188,,TW
183,5.56.27.145,,UA
184,60.172.229.172,,CN
185,41.175.231.11,,MU
186,211.155.27.102,,CN
187,195.9.166.222,,RU
188,185.67.100.133,,IR
189,85.191.68.61,,DK
190,103.214.7.100,,NL
191,68.183.184.95,,US
192,121.14.7.244,,CN
193,193.112.104.178,,CN
194,185.244.25.201,,NL
195,222.164.111.158,,SG
196,91.222.25.140,,PL
197,115.231.86.11,,CN
198,182.55.173.108,,SG
199,170.178.162.244,,US
200,61.78.193.81,,KR
201,85.197.162.91,,SE
202,93.115.64.104,,RO
203,104.248.73.96,,US
204,125.88.5.218,,CN
205,180.169.107.150,,CN
206,94.207.28.160,,AE
207,37.191.215.64,,NO
208,184.70.34.30,,CA
209,213.242.113.178,,GB
210,188.213.165.8,,IT
211,190.120.10.246,,SV
212,218.212.94.22,,SG
213,129.204.14.81,,CN
214,178.62.123.184,,EU
215,218.67.116.51,,CN
216,78.39.193.26,,IR
217,80.211.238.140,,IT
218,178.16.101.164,,PL
219,23.100.87.79,,US
220,92.81.125.130,,RO
221,185.244.25.140,,NL
222,96.74.232.209,,US
223,220.74.131.92,,KR
224,116.88.85.188,,SG
225,182.55.47.164,,SG
226,83.234.96.38,,RU
227,185.244.25.143,,NL
228,116.48.148.154,,HK
229,185.107.227.192,,NL
230,118.24.40.209,,CN
231,142.93.168.157,,US
232,206.189.125.119,,US
233,123.157.138.165,,CN
234,87.241.105.57,,SE
235,61.238.44.178,,HK
236,205.185.113.127,,US
237,180.76.243.210,,CN
238,193.71.189.132,,NO
239,58.185.70.86,,SG
240,94.255.247.114,,SE
241,182.19.203.51,,SG
242,67.55.200.84,,US
243,81.82.245.83,,BE
244,103.245.77.40,,KH
245,202.39.134.231,,TW
246,58.182.80.80,,SG
247,95.57.48.94,,KZ
248,142.93.253.17,,US
249,142.93.32.243,,US
250,119.204.134.146,,KR
251,222.164.152.235,,SG
252,61.64.14.195,,TW
253,183.136.188.116,,CN
254,115.238.67.150,,CN
255,183.90.97.100,,SG
256,87.76.12.133,,RU
257,71.9.96.59,,US
258,61.84.206.110,,KR
259,58.182.34.135,,SG
260,39.109.172.121,,SG
261,221.192.142.24,,CN
262,98.172.185.17,,US
263,159.65.76.0,,US
264,23.252.199.218,,US
265,59.120.0.111,,TW
266,219.146.120.74,,CN
267,79.136.43.133,,SE
268,118.189.42.117,,SG
269,58.182.57.126,,SG
270,125.75.140.167,,CN
271,182.55.39.135,,SG
272,189.211.190.42,,MX
273,185.107.94.12,,NL
274,207.180.228.119,,DE
275,104.248.188.17,,US
276,219.75.121.15,,SG
277,81.170.131.21,,SE
278,78.97.35.143,,RO
279,14.225.3.37,,VN
280,194.88.239.12,,RO
281,167.99.194.250,,US
282,114.33.148.106,,TW
283,88.190.193.96,,FR
284,210.6.16.38,,HK
285,123.207.50.181,,CN
286,114.32.247.3,,TW
287,203.186.101.186,,HK
288,23.25.97.177,,US
289,39.106.97.118,,CN
290,80.211.171.16,,IT
291,101.236.53.234,,CN
292,45.76.80.34,,US
293,188.243.37.122,,RU
294,60.172.5.155,,CN
295,124.218.131.111,,TW
296,183.178.4.39,,HK
297,64.183.78.125,,US
298,77.53.247.42,,SE
299,200.127.32.92,,AR
300,50.197.239.189,,US
301,183.20.245.215,,CN
302,91.234.65.60,,RU
303,73.229.77.228,,US
304,213.67.247.246,,SE
305,142.93.231.163,,US
306,205.185.113.123,,US
307,111.11.27.140,,CN
308,153.186.206.21,,JP
309,107.182.214.51,,US
310,43.225.164.7,,IN
311,111.207.23.140,,CN
312,128.106.1.122,,SG
313,42.61.3.86,,SG
314,61.164.96.98,,CN
315,58.182.48.40,,SG
316,167.99.192.223,,US
317,153.37.195.70,,CN
318,121.173.126.110,,KR
319,121.161.148.1,,KR
320,122.146.95.209,,TW
321,116.197.239.16,,SG
322,122.226.183.32,,CN
323,218.156.38.179,,KR
324,118.163.133.178,,TW
325,185.12.179.98,,FR
326,94.255.246.250,,SE
327,170.238.104.216,,BR
328,142.93.243.14,,US
329,211.143.166.182,,CN
330,39.109.230.155,,SG
331,189.1.100.77,,BR
332,101.235.114.131,,KR
333,14.139.58.227,,IN
334,90.150.172.227,,RU
335,185.42.61.14,,RU
336,60.191.144.54,,CN
337,91.237.253.78,,RU
338,124.16.67.21,,CN
339,196.53.79.4,,ZA
340,202.79.52.14,,NP
341,220.135.12.53,,TW
342,123.204.88.94,,TW
343,188.18.55.74,,RU
344,142.93.235.222,,US
345,218.255.226.170,,HK
346,188.18.54.236,,RU
347,138.19.133.51,,HK
348,104.248.183.202,,US
349,87.241.106.15,,SE
350,27.123.4.198,,ID
351,61.219.153.7,,TW
352,66.85.6.190,,US
353,124.207.161.1,,CN
354,220.171.45.37,,CN
355,138.255.1.254,,BR
356,103.88.142.10,,BD
357,198.98.53.176,,US
358,61.139.124.136,,CN
359,113.230.9.242,,CN
360,183.131.109.16,,CN
361,222.164.249.144,,SG
362,58.177.149.10,,HK
363,23.100.15.8,,US
364,155.4.53.116,,NO
365,24.184.80.199,,US
366,185.95.163.172,,SE
367,104.168.175.209,,US
368,209.141.34.186,,US
369,58.18.52.23,,CN
370,185.44.217.211,,PL
371,202.151.175.6,,VN
372,212.220.212.236,,RU
373,108.174.196.155,,US
374,94.207.26.73,,AE
375,31.208.99.15,,SE
376,218.212.86.45,,SG
377,103.21.234.240,,IN
378,59.149.80.244,,HK
379,183.193.234.158,,CN
380,112.254.116.143,,CN
381,124.232.155.2,,CN
382,5.249.159.157,,IT
383,211.23.114.106,,TW
384,50.74.242.22,,US
385,5.101.140.66,,GB
386,202.166.219.72,,NP
387,60.249.253.179,,TW
388,80.76.107.108,,RU
389,167.99.157.109,,US
390,103.216.0.131,,IN
391,119.160.195.117,,IN
392,68.183.174.180,,US
393,114.115.247.113,,CN
394,109.99.177.74,,RO
395,138.68.60.122,,US
396,175.101.22.98,,IN
397,212.220.204.68,,RU
398,222.164.166.187,,SG
399,58.96.214.105,,SG
400,116.88.83.216,,SG
401,75.148.188.233,,US
402,106.12.109.119,,CN
403,61.219.77.122,,TW
404,91.226.122.187,,RU
405,116.86.27.48,,SG
406,122.146.95.217,,TW
407,58.182.238.4,,SG
408,206.174.244.173,,US
409,106.13.33.98,,CN
410,201.236.160.139,,CL
411,211.105.141.134,,KR
412,200.187.181.12,,BR
413,173.163.192.1,,US
414,94.19.208.75,,RU
415,218.102.243.88,,HK
416,183.82.121.174,,IN
417,117.80.175.173,,CN
418,118.45.197.135,,KR
419,87.118.16.83,,NO
420,211.23.246.220,,TW
421,80.252.144.158,,RU
422,116.14.69.84,,SG
423,77.40.222.179,,NO
424,98.168.128.241,,US
425,213.138.167.26,,NO
426,114.115.223.46,,CN
427,222.164.55.171,,SG
428,31.208.237.224,,SE
429,5.95.35.109,,IT
430,116.252.34.161,,CN
431,222.116.50.2,,KR
432,182.235.231.28,,TW
433,60.172.5.154,,CN
434,118.233.61.246,,TW
435,58.182.211.189,,SG
436,142.93.191.197,,US
437,60.175.165.168,,CN
438,95.109.41.102,,SE
439,172.95.161.66,,US
440,122.201.209.173,,TW
441,121.168.34.22,,KR
442,182.55.17.112,,SG
443,59.120.75.238,,TW
444,142.93.83.67,,US
445,104.248.26.211,,US
446,167.99.15.85,,US
447,180.128.21.46,,TH
448,125.209.88.5,,PK
449,92.27.159.112,,GB
450,185.124.34.78,,RO
451,82.77.47.238,,RO
452,218.212.29.60,,SG
453,103.87.250.75,,BD
454,140.250.5.180,,CN
455,208.66.25.99,,US
456,200.85.33.205,,PY
457,94.52.1.199,,RO
458,202.166.223.66,,NP
459,118.201.245.156,,SG
460,103.101.57.210,,IN
461,46.236.65.59,,SE
462,89.189.150.227,,RU
463,201.156.222.47,,MX
464,182.19.135.136,,SG
465,118.201.195.226,,SG
466,178.211.50.119,,TR
467,167.99.194.251,,US
468,212.220.1.229,,RU
469,46.167.230.130,,CZ
470,58.96.242.151,,SG
471,60.172.5.105,,CN
472,128.106.186.84,,SG
473,142.93.235.227,,US
474,200.54.12.92,,CL
475,120.132.28.246,,CN
476,142.93.113.178,,US
477,85.121.56.221,,RO
478,46.101.108.217,,NL
479,192.241.169.136,,US
480,185.107.227.201,,NL
481,111.37.172.123,,CN
482,121.162.20.95,,KR
483,159.203.74.95,,US
484,218.212.74.236,,SG
485,62.232.173.115,,GB
486,218.212.22.155,,SG
487,123.207.51.40,,CN
488,119.74.208.4,,SG
489,114.35.25.196,,TW
490,100.12.38.10,,US
491,111.47.16.208,,CN
492,222.164.40.53,,SG
493,114.34.42.234,,TW
494,182.55.6.239,,SG
495,212.230.156.71,,ES
496,157.97.133.128,,DE
497,39.109.135.16,,SG
498,113.160.152.13,,VN
499,121.6.90.12,,SG
500,221.221.138.94,,CN
501,85.11.48.222,,SE
502,200.48.108.211,,PE
503,114.34.226.54,,TW
504,188.136.16.32,,DE
505,58.182.122.144,,SG
506,212.220.211.14,,RU
507,122.165.119.111,,IN
508,69.253.19.219,,US
509,69.198.106.163,,US
510,211.22.182.76,,TW
511,2.228.72.228,,IT
512,42.236.61.173,,CN
513,202.166.210.27,,NP
514,212.60.74.76,,GM
515,46.236.117.186,,SE
516,222.164.65.157,,SG
517,142.93.160.238,,US
518,58.182.85.222,,SG
519,37.191.208.76,,NO
520,83.209.251.205,,SE
521,107.182.214.79,,US
522,177.54.97.125,,BR
523,31.208.177.53,,SE
524,178.169.160.41,,RO
525,182.55.47.35,,SG
526,103.124.236.19,,BD
527,14.199.223.188,,HK
528,23.105.70.110,,US
529,41.89.237.70,,KE
530,167.99.147.17,,US
531,220.132.86.17,,TW
532,106.38.108.28,,CN
533,116.87.21.58,,SG
534,2.50.173.242,,AE
535,77.221.215.50,,RU
536,87.253.87.3,,SE
537,223.16.170.160,,HK
538,159.89.129.145,,US
539,212.220.207.188,,RU
540,61.216.66.119,,TW
541,182.19.237.119,,SG
542,93.183.163.123,,BG
543,202.79.54.101,,NP
544,209.52.149.41,,CA
545,89.232.74.42,,RU
546,194.156.228.84,,GB
547,58.182.117.155,,SG
548,153.3.73.125,,CN
549,182.55.214.39,,SG
550,114.35.102.101,,TW
551,46.35.190.120,,BG
552,125.227.249.88,,TW
553,202.79.59.80,,NP
554,178.62.40.151,,EU
555,207.183.169.120,,US
556,80.70.105.194,,RU
557,221.226.226.133,,CN
558,221.226.226.134,,CN
559,118.25.54.196,,CN
560,190.210.221.154,,AR
561,116.211.144.118,,CN
562,58.182.70.42,,SG
563,76.177.204.176,,US
564,38.229.1.15,,US
565,151.21.63.175,,IT
566,173.179.228.37,,CA
567,221.226.226.135,,CN
568,211.75.169.23,,TW
569,201.18.144.94,,BR
570,121.6.104.20,,SG
571,129.204.4.244,,CN
572,185.163.92.113,,CH
573,206.174.244.131,,US
574,180.177.186.161,,TW
575,101.127.168.192,,SG
576,222.127.10.67,,PH
577,182.55.9.154,,SG
578,31.163.204.74,,RU
579,185.219.165.71,,CZ
580,178.62.71.53,,EU
581,200.188.153.34,,MX
582,222.165.104.228,,SG
583,125.75.207.25,,CN
584,203.126.185.187,,SG
585,117.102.69.126,,ID
586,200.115.131.246,,PA
587,211.22.107.202,,TW
588,81.82.223.202,,BE
589,61.24.129.208,,JP
590,82.134.52.202,,NO
591,58.182.5.86,,SG
592,46.101.212.161,,NL
593,172.245.45.153,,US
594,187.189.48.7,,MX
595,62.212.130.152,,NL
596,128.199.199.20,,GB
597,180.232.99.46,,PH
598,118.163.211.107,,TW
599,116.88.86.27,,SG
600,68.183.166.24,,US
601,70.15.157.147,,US
602,188.18.10.77,,RU
603,116.87.177.57,,SG
604,213.141.37.138,,ES
605,115.238.132.62,,CN
606,104.248.55.228,,US
607,116.86.104.57,,SG
608,157.230.16.11,,US
609,94.254.35.29,,SE
610,60.165.208.28,,CN
611,222.164.105.79,,SG
612,203.142.42.4,,MY
613,202.156.201.193,,SG
614,59.125.28.98,,TW
615,203.177.173.46,,PH
616,208.114.207.219,,US
617,112.161.175.197,,KR
618,218.242.159.100,,CN
619,211.75.205.44,,TW
620,115.238.132.60,,CN
621,78.157.164.20,,CZ
622,183.82.58.139,,IN
623,1.34.242.45,,TW
624,60.249.139.161,,TW
625,116.74.96.84,,IN
626,123.192.102.2,,TW
627,181.115.181.210,,BO
628,116.87.10.23,,SG
629,14.139.58.236,,IN
630,153.101.232.209,,CN
631,203.187.170.218,,CN
632,47.93.221.240,,CN
633,157.230.9.177,,US
634,190.187.122.234,,PE
635,5.141.82.192,,RU
636,106.105.174.62,,TW
637,124.197.107.166,,SG
638,58.48.178.200,,CN
639,167.99.85.214,,US
640,163.177.96.140,,CN
641,103.26.102.15,,ID
642,190.90.5.214,,CO
643,87.96.130.90,,SE
644,60.172.5.156,,CN
645,58.176.224.201,,HK
646,221.179.126.178,,CN
647,203.93.215.81,,CN
648,142.93.187.83,,US
649,72.79.42.106,,US
650,58.182.199.120,,SG
651,210.242.65.170,,TW
652,222.124.192.154,,ID
653,60.251.183.72,,TW
654,172.95.161.71,,US
655,101.127.73.25,,SG
656,27.79.220.108,,VN
657,14.33.133.188,,KR
658,190.52.205.4,,EC
659,122.116.189.132,,TW
660,104.248.179.118,,US
661,88.225.235.84,,TR
662,180.94.185.90,,MO
663,183.238.82.193,,CN
664,76.219.149.17,,US
665,84.243.8.156,,SE
666,51.254.249.138,,FR
667,104.248.163.78,,US
668,217.128.74.139,,FR
669,198.98.53.130,,US
670,220.158.137.2,,IN
671,58.69.19.179,,PH
672,68.183.212.139,,US
673,190.208.22.228,,CL
674,221.206.153.16,,CN
675,79.111.246.184,,RU
676,66.96.207.191,,SG
677,92.81.119.26,,RO
678,211.21.81.28,,TW
679,183.90.69.71,,SG
680,117.102.69.124,,ID
681,60.249.145.32,,TW
682,180.97.82.3,,CN
683,159.89.7.14,,US
684,121.173.131.64,,KR
685,84.51.12.165,,TR
686,122.110.61.185,,AU
687,122.146.44.198,,TW
688,183.193.234.186,,CN
689,121.137.137.208,,KR
690,188.187.52.67,,RU
691,60.191.240.70,,CN
692,37.99.142.219,,SA
693,219.91.138.173,,IN
694,61.175.101.166,,CN
695,123.59.182.194,,CN
696,175.127.32.39,,KR
697,221.226.15.71,,CN
698,61.216.64.116,,TW
699,200.52.194.98,,MX
700,113.11.154.162,,ID
701,120.29.125.194,,PH
702,87.241.104.178,,SE
703,112.225.63.54,,CN
704,116.241.202.177,,TW
705,180.180.170.4,,TH
706,212.220.216.49,,RU
707,149.56.154.115,,CA
708,131.108.128.85,,BR
709,68.183.55.239,,US
710,117.3.128.55,,VN
711,118.34.232.233,,KR
712,118.24.33.147,,CN
713,125.227.63.198,,TW
714,182.55.130.56,,SG
715,121.7.73.86,,SG
716,188.226.129.74,,EU
717,198.211.116.164,,US
718,77.75.32.94,,TR
719,39.106.180.138,,CN
720,223.78.81.180,,CN
721,113.14.240.22,,CN
722,61.220.196.16,,TW
723,58.96.203.26,,SG
724,223.80.212.213,,CN
725,185.141.26.181,,NL
726,182.55.253.60,,SG
727,87.118.36.84,,NO
728,46.50.174.184,,RU
729,157.230.108.80,,US
730,1.230.44.160,,KR
731,89.233.219.93,,SE
732,118.200.6.88,,SG
733,202.121.178.98,,CN
734,211.75.23.32,,TW
735,177.19.255.253,,BR
736,196.222.6.8,,NG
737,67.176.80.23,,US
738,151.177.137.156,,SE
739,46.99.158.243,,AL
740,60.172.5.108,,CN
741,213.6.54.230,,PS
742,185.199.25.250,,IT
743,222.164.65.34,,SG
744,118.163.128.168,,TW
745,142.93.209.228,,US
746,42.119.75.185,,VN
747,60.172.5.153,,CN
748,116.86.71.242,,SG
749,1.168.33.160,,TW
750,94.177.216.29,,IT
751,78.63.192.30,,LT
752,222.174.255.14,,CN
753,103.87.25.74,,IN
754,188.122.30.114,,PL
755,200.87.35.178,,BO
756,118.99.218.146,,TW
757,221.206.195.83,,CN
758,116.87.57.229,,SG
759,153.199.230.157,,JP
760,84.95.58.30,,IL
761,168.196.107.6,,BR
762,58.216.251.106,,CN
763,202.156.112.42,,SG
764,187.72.137.161,,BR
765,61.216.181.11,,TW
766,182.55.237.167,,SG
767,60.248.123.163,,TW
768,223.78.158.242,,CN
769,116.88.90.213,,SG
770,194.68.167.31,,SE
771,114.134.190.182,,KH
772,40.91.206.16,,US
773,114.102.12.39,,CN
774,60.165.48.97,,CN
775,121.97.68.167,,PH
776,84.246.145.22,,IT
777,49.4.123.4,,CN
778,114.35.249.114,,TW
779,46.236.65.9,,SE
780,188.17.171.101,,RU
781,118.174.149.194,,TH
782,85.203.128.172,,DK
783,201.224.73.139,,PA
784,89.233.219.46,,SE
785,174.49.113.42,,US
786,210.121.164.121,,KR
787,202.79.48.18,,NP
788,218.56.148.210,,CN
789,82.81.69.64,,IL
790,195.9.250.28,,RU
791,121.165.206.30,,KR
792,193.106.101.28,,PL
793,183.193.234.154,,CN
794,116.87.44.21,,SG
795,118.163.89.236,,TW
796,39.106.120.19,,CN
797,138.68.238.67,,US
798,81.190.122.33,,PL
799,60.255.146.181,,CN
800,45.233.192.6,,BR
801,185.112.164.149,,CZ
802,123.16.13.65,,VN
803,125.227.50.123,,TW
804,41.33.58.253,,EG
805,186.235.86.182,,BR
806,219.85.219.201,,TW
807,119.15.157.82,,BD
808,46.174.61.211,,CZ
809,61.220.24.105,,TW
810,195.54.177.36,,RU
811,187.45.171.218,,BR
812,80.11.47.135,,FR
813,111.231.194.41,,CN
814,222.164.219.106,,SG
815,88.176.192.58,,FR
816,88.165.63.5,,FR
817,190.82.100.38,,CL
818,39.109.213.142,,SG
819,125.227.36.152,,TW
820,181.143.253.163,,CO
821,116.86.208.234,,SG
822,211.75.155.23,,TW
823,159.192.120.210,,TH
824,173.176.122.220,,CA
825,58.182.49.147,,SG
826,101.127.181.74,,SG
827,125.227.57.247,,TW
828,211.23.156.54,,TW
829,182.55.214.160,,SG
830,180.218.90.244,,TW
831,50.244.25.90,,US
832,206.189.138.239,,US
833,61.216.138.156,,TW
834,202.83.165.189,,PK
835,116.86.158.239,,SG
836,217.72.57.219,,SE
837,66.85.6.146,,US
838,223.78.184.221,,CN
839,69.23.208.31,,US
840,104.248.79.150,,US
841,104.248.127.72,,US
842,96.56.105.140,,US
843,190.13.134.85,,CL
844,85.15.188.19,,RU
845,182.23.20.117,,ID
846,181.31.137.54,,AR
847,61.164.96.122,,CN
848,183.193.234.174,,CN
849,88.250.2.56,,TR
850,164.77.95.61,,CL
851,90.150.90.202,,RU
852,82.200.191.122,,KZ
853,124.224.205.242,,CN
854,62.250.106.199,,NL
855,218.212.192.84,,SG
856,37.79.216.149,,RU
857,103.113.156.46,,HK
858,61.244.174.142,,HK
859,27.79.244.247,,VN
860,194.147.32.160,,RU
861,37.191.154.45,,NO
862,213.32.95.48,,FR
863,200.2.100.13,,BR
864,66.231.25.224,,US
865,41.73.244.27,,NG
866,83.209.255.221,,SE
867,218.212.132.104,,SG
868,87.140.30.174,,DE
869,123.254.214.120,,KR
870,115.238.132.61,,CN
871,104.248.112.170,,US
872,186.10.64.187,,CL
873,123.69.192.235,,CN
874,86.105.51.95,,IT
875,122.80.61.74,,CN
876,41.65.60.204,,EG
877,118.163.152.36,,TW
878,190.13.129.244,,CL
879,139.59.153.117,,SG
880,103.25.75.246,,HK
881,66.96.218.126,,SG
882,107.182.214.120,,US
883,185.244.25.197,,NL
884,58.240.199.186,,CN
885,203.67.93.169,,TW
886,124.128.202.78,,CN
887,203.74.133.120,,TW
888,195.215.228.138,,DK
889,64.209.31.5,,US
890,177.155.60.82,,BR
891,157.230.100.109,,US
892,59.16.240.77,,KR
893,86.110.223.221,,RU
894,203.202.249.230,,BD
895,59.189.109.50,,SG
896,39.109.139.119,,SG
897,125.26.109.202,,TH
898,202.79.59.37,,NP
899,58.210.95.198,,CN
900,115.231.231.162,,CN
901,39.109.141.235,,SG
902,116.99.34.101,,VN
903,39.109.191.14,,SG
904,188.117.148.178,,PL
905,203.160.181.19,,PH
906,61.216.174.137,,TW
907,107.175.145.204,,US
908,77.107.41.82,,SE
909,205.185.126.185,,US
910,37.191.222.195,,NO
911,159.203.116.79,,US
912,60.251.224.66,,TW
913,117.78.41.42,,CN
914,109.96.173.221,,RO
915,103.114.163.38,,SG
916,195.9.250.29,,RU
917,144.217.18.39,,CA
918,58.95.66.101,,JP
919,211.21.155.105,,TW
920,125.227.133.156,,TW
921,94.207.28.130,,AE
922,188.113.75.241,,NO
923,96.2.17.39,,US
924,203.202.255.20,,BD
925,201.184.100.3,,CO
926,5.8.112.48,,IT
927,88.255.251.147,,TR
928,203.186.152.254,,HK
929,190.145.23.29,,CO
930,62.219.226.248,,IL
931,46.37.64.2,,ES
932,59.120.154.25,,TW
933,87.118.38.247,,NO
934,107.131.222.116,,US
935,206.189.139.96,,US
936,119.98.161.192,,CN
937,180.169.137.238,,CN
938,103.69.89.235,,IN
939,122.117.34.67,,TW
940,88.158.222.42,,RO
941,155.0.39.80,,ZM
942,77.40.243.75,,NO
943,190.128.210.46,,PY
944,59.41.103.97,,CN
945,185.244.25.145,,NL
946,213.125.130.178,,NL
947,37.191.168.105,,NO
948,82.222.59.107,,TR
949,83.68.244.51,,SE
950,125.164.133.70,,ID
951,114.218.212.127,,CN
952,183.224.78.176,,CN
953,78.83.27.112,,BG
954,79.98.73.6,,CZ
955,94.156.245.202,,BG
956,202.79.52.24,,NP
957,183.96.12.39,,KR
958,155.4.216.36,,NO
959,138.197.173.206,,US
960,222.165.116.33,,SG
961,81.214.245.176,,TR
962,119.15.153.234,,BD
963,61.164.96.154,,CN
964,23.116.185.114,,US
965,104.248.74.145,,US
966,98.14.93.20,,US
967,122.192.5.82,,CN
968,217.61.15.169,,IT
969,121.169.8.3,,KR
970,96.87.237.210,,US
971,124.197.72.234,,SG
972,125.227.19.100,,TW
973,114.32.151.75,,TW
974,60.175.165.171,,CN
975,42.200.130.155,,HK
976,202.79.48.130,,NP
977,183.129.254.92,,CN
978,189.89.155.20,,BR
979,61.222.32.155,,TW
980,118.163.249.70,,TW
981,12.145.12.107,,US
982,112.82.116.2,,CN
983,37.194.8.144,,RU
984,210.59.165.215,,TW
985,182.46.24.26,,CN
986,61.216.91.164,,TW
987,1.186.219.13,,IN
988,110.52.29.65,,CN
989,218.156.38.232,,KR
990,109.98.71.230,,RO
991,111.40.98.212,,CN
992,123.195.200.154,,TW
993,190.54.28.68,,CL
994,31.168.115.123,,IL
995,202.79.54.6,,NP
996,218.156.38.172,,KR
997,72.229.18.37,,US
998,92.83.0.82,,RO
