index,Source IP,count
0,120.221.19.35,724
1,60.251.189.212,191
2,218.77.187.194,183
3,37.191.196.1,176
4,109.225.74.126,167
5,122.2.223.242,165
6,159.65.225.77,157
7,96.71.207.229,153
8,58.182.197.73,130
9,42.61.24.202,127
10,111.40.166.130,127
11,182.55.191.209,115
12,125.160.17.32,110
13,58.53.219.75,106
14,58.96.241.158,103
15,58.210.237.62,101
16,142.93.116.23,99
17,223.220.170.246,99
18,218.84.70.60,97
19,182.55.143.3,96
20,178.128.45.4,96
21,61.160.254.19,95
22,68.183.164.32,92
23,118.200.149.210,88
24,157.230.0.13,87
25,120.132.125.90,87
26,223.68.134.29,86
27,218.28.239.250,86
28,220.180.155.26,83
29,61.74.37.155,83
30,219.147.95.246,82
31,68.183.108.233,81
32,165.227.168.48,80
33,178.128.10.163,79
34,68.183.110.254,79
35,218.156.38.233,78
36,123.150.200.121,77
37,122.152.210.200,77
38,175.156.98.29,77
39,78.96.32.107,76
40,221.230.7.85,75
41,109.226.220.205,73
42,206.189.157.243,73
43,142.93.217.156,73
44,68.183.162.249,71
45,58.182.74.100,70
46,61.164.96.82,68
47,118.85.194.26,68
48,181.65.251.227,67
49,64.113.113.158,65
50,221.214.60.28,65
51,36.155.7.4,65
52,218.156.38.185,63
53,142.93.125.229,63
54,60.173.82.156,63
55,61.164.96.158,63
56,165.227.222.234,62
57,61.164.97.34,61
58,218.156.38.33,61
59,60.12.215.85,61
60,124.47.21.22,61
61,176.102.196.162,60
62,122.116.217.162,60
63,178.128.218.3,59
64,206.189.194.192,59
65,222.186.66.6,59
66,80.211.33.156,59
67,149.56.206.195,58
68,60.172.5.25,58
69,223.87.73.224,58
70,195.9.141.238,58
71,222.55.211.75,58
72,89.249.1.170,58
73,61.239.249.170,58
74,61.153.56.30,57
75,176.112.64.131,56
76,38.68.160.156,56
77,39.109.207.176,56
78,111.61.52.53,56
79,94.32.67.212,56
80,115.69.248.12,55
81,206.189.82.107,55
82,220.179.77.183,55
83,217.61.5.246,55
84,121.221.132.73,55
85,218.156.38.130,54
86,115.43.175.111,54
87,221.122.101.203,54
88,90.150.90.182,54
89,192.117.232.178,53
90,175.198.234.62,51
91,103.231.163.254,51
92,23.99.229.228,51
93,79.60.230.61,50
94,77.107.41.186,50
95,82.193.135.136,50
96,218.2.197.240,50
97,177.73.33.15,50
98,43.225.180.10,50
99,184.174.182.149,50
100,202.100.182.250,50
101,218.156.85.17,50
102,221.214.60.11,50
103,142.93.39.232,49
104,61.164.96.174,49
105,60.172.5.95,49
106,221.124.48.81,48
107,183.90.97.138,48
108,58.96.214.150,48
109,187.162.253.199,48
110,118.194.132.112,48
111,222.55.210.119,48
112,58.182.141.238,48
113,185.244.25.148,48
114,209.141.42.221,47
115,104.248.116.118,47
116,67.215.234.210,47
117,103.210.135.136,47
118,207.180.236.39,46
119,111.40.168.90,46
120,104.248.120.63,46
121,24.143.48.36,46
122,113.4.131.140,46
123,110.235.250.213,46
124,117.71.18.20,46
125,206.189.11.145,46
126,218.156.38.217,45
127,122.13.72.99,45
128,222.164.229.94,45
129,68.183.169.215,45
130,87.251.82.211,45
131,61.164.96.182,45
132,142.93.214.19,45
133,212.119.226.198,44
134,157.230.3.234,44
135,173.15.98.210,44
136,58.152.44.28,44
137,121.7.28.85,43
138,167.99.198.17,43
139,60.166.40.26,43
140,50.249.177.140,43
141,185.244.25.236,43
142,220.72.138.187,43
143,185.244.25.106,42
144,200.2.197.2,42
145,174.84.0.60,42
146,104.248.127.198,42
147,185.244.25.133,41
148,142.93.232.5,41
149,58.42.228.170,41
150,120.28.151.44,41
151,223.112.102.250,41
152,113.108.221.106,41
153,90.150.21.51,41
154,116.87.117.8,41
155,67.43.109.124,40
156,210.13.64.18,40
157,216.201.240.242,40
158,79.60.42.116,40
159,159.89.42.173,40
160,114.116.30.74,40
161,121.186.78.189,40
162,209.141.47.176,40
163,176.197.7.126,40
164,202.130.117.2,40
165,74.93.73.169,40
166,104.248.34.77,40
167,211.193.211.96,40
168,222.92.19.227,39
169,212.247.48.66,39
170,221.2.156.42,39
171,114.255.183.86,39
172,122.116.237.12,39
173,221.182.115.133,39
174,58.67.193.126,39
175,206.189.81.27,39
176,185.11.146.163,39
177,119.176.46.177,39
178,206.189.21.255,39
179,183.230.146.26,38
180,220.134.69.4,38
181,211.216.76.139,38
182,112.105.152.188,38
183,5.56.27.145,38
184,60.172.229.172,37
185,41.175.231.11,37
186,211.155.27.102,37
187,195.9.166.222,37
188,185.67.100.133,37
189,85.191.68.61,37
190,103.214.7.100,37
191,68.183.184.95,37
192,121.14.7.244,37
193,193.112.104.178,36
194,185.244.25.201,36
195,222.164.111.158,36
196,91.222.25.140,36
197,115.231.86.11,36
198,182.55.173.108,36
199,170.178.162.244,36
200,61.78.193.81,36
201,85.197.162.91,35
202,93.115.64.104,35
203,104.248.73.96,35
204,125.88.5.218,35
205,180.169.107.150,35
206,94.207.28.160,35
207,37.191.215.64,35
208,184.70.34.30,35
209,213.242.113.178,35
210,188.213.165.8,35
211,190.120.10.246,34
212,218.212.94.22,34
213,129.204.14.81,34
214,178.62.123.184,34
215,218.67.116.51,34
216,78.39.193.26,34
217,80.211.238.140,34
218,178.16.101.164,34
219,23.100.87.79,34
220,92.81.125.130,34
221,185.244.25.140,33
222,96.74.232.209,33
223,220.74.131.92,33
224,116.88.85.188,33
225,182.55.47.164,33
226,83.234.96.38,33
227,185.244.25.143,33
228,116.48.148.154,33
229,185.107.227.192,33
230,118.24.40.209,33
231,142.93.168.157,33
232,206.189.125.119,33
233,123.157.138.165,32
234,87.241.105.57,32
235,61.238.44.178,32
236,205.185.113.127,32
237,180.76.243.210,32
238,193.71.189.132,32
239,58.185.70.86,32
240,94.255.247.114,32
241,182.19.203.51,32
242,67.55.200.84,32
243,81.82.245.83,32
244,103.245.77.40,32
245,202.39.134.231,32
246,58.182.80.80,32
247,95.57.48.94,32
248,142.93.253.17,32
249,142.93.32.243,32
250,119.204.134.146,32
251,222.164.152.235,31
252,61.64.14.195,31
253,183.136.188.116,31
254,115.238.67.150,31
255,183.90.97.100,31
256,87.76.12.133,31
257,71.9.96.59,31
258,61.84.206.110,31
259,58.182.34.135,31
260,39.109.172.121,31
261,221.192.142.24,31
262,98.172.185.17,31
263,159.65.76.0,31
264,23.252.199.218,31
265,59.120.0.111,31
266,219.146.120.74,31
267,79.136.43.133,31
268,118.189.42.117,31
269,58.182.57.126,30
270,125.75.140.167,30
271,182.55.39.135,30
272,189.211.190.42,30
273,185.107.94.12,30
274,207.180.228.119,30
275,104.248.188.17,30
276,219.75.121.15,30
277,81.170.131.21,30
278,78.97.35.143,30
279,14.225.3.37,30
280,194.88.239.12,30
281,167.99.194.250,30
282,114.33.148.106,30
283,88.190.193.96,30
284,210.6.16.38,30
285,123.207.50.181,30
286,114.32.247.3,30
287,203.186.101.186,30
288,23.25.97.177,30
289,39.106.97.118,30
290,80.211.171.16,30
291,101.236.53.234,30
292,45.76.80.34,30
293,188.243.37.122,29
294,60.172.5.155,29
295,124.218.131.111,29
296,183.178.4.39,29
297,64.183.78.125,29
298,77.53.247.42,29
299,200.127.32.92,29
300,50.197.239.189,29
301,183.20.245.215,29
302,91.234.65.60,29
303,73.229.77.228,29
304,213.67.247.246,29
305,142.93.231.163,29
306,205.185.113.123,29
307,111.11.27.140,29
308,153.186.206.21,29
309,107.182.214.51,29
310,43.225.164.7,29
311,111.207.23.140,28
312,128.106.1.122,28
313,42.61.3.86,28
314,61.164.96.98,28
315,58.182.48.40,28
316,167.99.192.223,28
317,153.37.195.70,28
318,121.173.126.110,28
319,121.161.148.1,28
320,122.146.95.209,28
321,116.197.239.16,28
322,122.226.183.32,28
323,218.156.38.179,28
324,118.163.133.178,28
325,185.12.179.98,28
326,94.255.246.250,27
327,170.238.104.216,27
328,142.93.243.14,27
329,211.143.166.182,27
330,39.109.230.155,27
331,189.1.100.77,27
332,101.235.114.131,27
333,14.139.58.227,27
334,90.150.172.227,27
335,185.42.61.14,27
336,60.191.144.54,27
337,91.237.253.78,27
338,124.16.67.21,27
339,196.53.79.4,27
340,202.79.52.14,27
341,220.135.12.53,27
342,123.204.88.94,27
343,188.18.55.74,27
344,142.93.235.222,27
345,218.255.226.170,27
346,188.18.54.236,27
347,138.19.133.51,27
348,104.248.183.202,27
349,87.241.106.15,27
350,27.123.4.198,27
351,61.219.153.7,27
352,66.85.6.190,26
353,124.207.161.1,26
354,220.171.45.37,26
355,138.255.1.254,26
356,103.88.142.10,26
357,198.98.53.176,26
358,61.139.124.136,26
359,113.230.9.242,26
360,183.131.109.16,26
361,222.164.249.144,26
362,58.177.149.10,26
363,23.100.15.8,26
364,155.4.53.116,26
365,24.184.80.199,26
366,185.95.163.172,26
367,104.168.175.209,26
368,209.141.34.186,26
369,58.18.52.23,26
370,185.44.217.211,26
371,202.151.175.6,26
372,212.220.212.236,26
373,108.174.196.155,26
374,94.207.26.73,26
375,31.208.99.15,25
376,218.212.86.45,25
377,103.21.234.240,25
378,59.149.80.244,25
379,183.193.234.158,25
380,112.254.116.143,25
381,124.232.155.2,25
382,5.249.159.157,25
383,211.23.114.106,25
384,50.74.242.22,25
385,5.101.140.66,25
386,202.166.219.72,25
387,60.249.253.179,25
388,80.76.107.108,25
389,167.99.157.109,25
390,103.216.0.131,25
391,119.160.195.117,25
392,68.183.174.180,25
393,114.115.247.113,25
394,109.99.177.74,25
395,138.68.60.122,25
396,175.101.22.98,25
397,212.220.204.68,25
398,222.164.166.187,25
399,58.96.214.105,25
400,116.88.83.216,24
401,75.148.188.233,24
402,106.12.109.119,24
403,61.219.77.122,24
404,91.226.122.187,24
405,116.86.27.48,24
406,122.146.95.217,24
407,58.182.238.4,24
408,206.174.244.173,24
409,106.13.33.98,24
410,201.236.160.139,24
411,211.105.141.134,24
412,200.187.181.12,24
413,173.163.192.1,24
414,94.19.208.75,24
415,218.102.243.88,24
416,183.82.121.174,24
417,117.80.175.173,24
418,118.45.197.135,24
419,87.118.16.83,24
420,211.23.246.220,24
421,80.252.144.158,24
422,116.14.69.84,24
423,77.40.222.179,24
424,98.168.128.241,24
425,213.138.167.26,24
426,114.115.223.46,24
427,222.164.55.171,24
428,31.208.237.224,24
429,5.95.35.109,24
430,116.252.34.161,24
431,222.116.50.2,24
432,182.235.231.28,24
433,60.172.5.154,24
434,118.233.61.246,24
435,58.182.211.189,24
436,142.93.191.197,24
437,60.175.165.168,23
438,95.109.41.102,23
439,172.95.161.66,23
440,122.201.209.173,23
441,121.168.34.22,23
442,182.55.17.112,23
443,59.120.75.238,23
444,142.93.83.67,23
445,104.248.26.211,23
446,167.99.15.85,23
447,180.128.21.46,23
448,125.209.88.5,23
449,92.27.159.112,23
450,185.124.34.78,23
451,82.77.47.238,23
452,218.212.29.60,23
453,103.87.250.75,23
454,140.250.5.180,23
455,208.66.25.99,23
456,200.85.33.205,23
457,94.52.1.199,23
458,202.166.223.66,23
459,118.201.245.156,23
460,103.101.57.210,23
461,46.236.65.59,23
462,89.189.150.227,23
463,201.156.222.47,23
464,182.19.135.136,23
465,118.201.195.226,23
466,178.211.50.119,23
467,167.99.194.251,23
468,212.220.1.229,23
469,46.167.230.130,23
470,58.96.242.151,23
471,60.172.5.105,23
472,128.106.186.84,23
473,142.93.235.227,23
474,200.54.12.92,23
475,120.132.28.246,23
476,142.93.113.178,23
477,85.121.56.221,23
478,46.101.108.217,23
479,192.241.169.136,23
480,185.107.227.201,23
481,111.37.172.123,23
482,121.162.20.95,23
483,159.203.74.95,23
484,218.212.74.236,23
485,62.232.173.115,23
486,218.212.22.155,23
487,123.207.51.40,23
488,119.74.208.4,22
489,114.35.25.196,22
490,100.12.38.10,22
491,111.47.16.208,22
492,222.164.40.53,22
493,114.34.42.234,22
494,182.55.6.239,22
495,212.230.156.71,22
496,157.97.133.128,22
497,39.109.135.16,22
498,113.160.152.13,22
499,121.6.90.12,22
500,221.221.138.94,22
501,85.11.48.222,22
502,200.48.108.211,22
503,114.34.226.54,22
504,188.136.16.32,22
505,58.182.122.144,22
506,212.220.211.14,22
507,122.165.119.111,22
508,69.253.19.219,22
509,69.198.106.163,22
510,211.22.182.76,22
511,2.228.72.228,22
512,42.236.61.173,22
513,202.166.210.27,22
514,212.60.74.76,22
515,46.236.117.186,22
516,222.164.65.157,22
517,142.93.160.238,22
518,58.182.85.222,22
519,37.191.208.76,22
520,83.209.251.205,22
521,107.182.214.79,22
522,177.54.97.125,22
523,31.208.177.53,22
524,178.169.160.41,22
525,182.55.47.35,22
526,103.124.236.19,22
527,14.199.223.188,22
528,23.105.70.110,22
529,41.89.237.70,22
530,167.99.147.17,22
531,220.132.86.17,22
532,106.38.108.28,22
533,116.87.21.58,22
534,2.50.173.242,22
535,77.221.215.50,22
536,87.253.87.3,22
537,223.16.170.160,22
538,159.89.129.145,22
539,212.220.207.188,22
540,61.216.66.119,22
541,182.19.237.119,22
542,93.183.163.123,21
543,202.79.54.101,21
544,209.52.149.41,21
545,89.232.74.42,21
546,194.156.228.84,21
547,58.182.117.155,21
548,153.3.73.125,21
549,182.55.214.39,21
550,114.35.102.101,21
551,46.35.190.120,21
552,125.227.249.88,21
553,202.79.59.80,21
554,178.62.40.151,21
555,207.183.169.120,21
556,80.70.105.194,21
557,221.226.226.133,21
558,221.226.226.134,21
559,118.25.54.196,21
560,190.210.221.154,21
561,116.211.144.118,21
562,58.182.70.42,21
563,76.177.204.176,21
564,38.229.1.15,21
565,151.21.63.175,21
566,173.179.228.37,21
567,221.226.226.135,21
568,211.75.169.23,21
569,201.18.144.94,21
570,121.6.104.20,21
571,129.204.4.244,21
572,185.163.92.113,21
573,206.174.244.131,21
574,180.177.186.161,21
575,101.127.168.192,21
576,222.127.10.67,21
577,182.55.9.154,21
578,31.163.204.74,21
579,185.219.165.71,21
580,178.62.71.53,21
581,200.188.153.34,21
582,222.165.104.228,21
583,125.75.207.25,21
584,203.126.185.187,21
585,117.102.69.126,21
586,200.115.131.246,21
587,211.22.107.202,21
588,81.82.223.202,21
589,61.24.129.208,21
590,82.134.52.202,21
591,58.182.5.86,21
592,46.101.212.161,21
593,172.245.45.153,21
594,187.189.48.7,21
595,62.212.130.152,21
596,128.199.199.20,21
597,180.232.99.46,21
598,118.163.211.107,21
599,116.88.86.27,21
600,68.183.166.24,21
601,70.15.157.147,21
602,188.18.10.77,21
603,191.96.249.200,20
604,116.87.177.57,20
605,213.141.37.138,20
606,115.238.132.62,20
607,104.248.55.228,20
608,116.86.104.57,20
609,157.230.16.11,20
610,94.254.35.29,20
611,60.165.208.28,20
612,222.164.105.79,20
613,203.142.42.4,20
614,202.156.201.193,20
615,59.125.28.98,20
616,203.177.173.46,20
617,208.114.207.219,20
618,112.161.175.197,20
619,218.242.159.100,20
620,211.75.205.44,20
621,115.238.132.60,20
622,78.157.164.20,20
623,183.82.58.139,20
624,1.34.242.45,20
625,60.249.139.161,20
626,116.74.96.84,20
627,123.192.102.2,20
628,181.115.181.210,20
629,116.87.10.23,20
630,14.139.58.236,20
631,153.101.232.209,20
632,203.187.170.218,20
633,47.93.221.240,20
634,157.230.9.177,20
635,190.187.122.234,20
636,5.141.82.192,20
637,106.105.174.62,20
638,124.197.107.166,20
639,58.48.178.200,20
640,167.99.85.214,20
641,163.177.96.140,20
642,103.26.102.15,20
643,190.90.5.214,20
644,87.96.130.90,20
645,60.172.5.156,20
646,58.176.224.201,20
647,221.179.126.178,20
648,203.93.215.81,20
649,142.93.187.83,20
650,72.79.42.106,20
651,58.182.199.120,20
652,210.242.65.170,20
653,222.124.192.154,20
654,60.251.183.72,20
655,172.95.161.71,20
656,101.127.73.25,20
657,27.79.220.108,20
658,14.33.133.188,20
659,190.52.205.4,20
660,122.116.189.132,20
661,104.248.179.118,19
662,88.225.235.84,19
663,180.94.185.90,19
664,183.238.82.193,19
665,76.219.149.17,19
666,84.243.8.156,19
667,51.254.249.138,19
668,104.248.163.78,19
669,217.128.74.139,19
670,198.98.53.130,19
671,220.158.137.2,19
672,58.69.19.179,19
673,68.183.212.139,19
674,190.208.22.228,19
675,221.206.153.16,19
676,79.111.246.184,19
677,66.96.207.191,19
678,92.81.119.26,19
679,211.21.81.28,19
680,183.90.69.71,19
681,117.102.69.124,19
682,60.249.145.32,19
683,180.97.82.3,19
684,159.89.7.14,19
685,121.173.131.64,19
686,84.51.12.165,19
687,122.110.61.185,19
688,122.146.44.198,19
689,183.193.234.186,19
690,121.137.137.208,19
691,188.187.52.67,19
692,60.191.240.70,19
693,37.99.142.219,19
694,219.91.138.173,19
695,61.175.101.166,19
696,123.59.182.194,19
697,175.127.32.39,19
698,221.226.15.71,19
699,61.216.64.116,19
700,200.52.194.98,19
701,113.11.154.162,19
702,120.29.125.194,19
703,87.241.104.178,19
704,112.225.63.54,19
705,116.241.202.177,19
706,180.180.170.4,19
707,212.220.216.49,19
708,149.56.154.115,19
709,131.108.128.85,19
710,68.183.55.239,19
711,117.3.128.55,19
712,118.34.232.233,19
713,118.24.33.147,19
714,125.227.63.198,19
715,182.55.130.56,19
716,121.7.73.86,19
717,188.226.129.74,19
718,198.211.116.164,19
719,77.75.32.94,19
720,39.106.180.138,19
721,223.78.81.180,19
722,113.14.240.22,19
723,61.220.196.16,19
724,58.96.203.26,19
725,223.80.212.213,19
726,185.141.26.181,19
727,182.55.253.60,19
728,87.118.36.84,19
729,46.50.174.184,19
730,157.230.108.80,19
731,1.230.44.160,19
732,89.233.219.93,19
733,118.200.6.88,19
734,202.121.178.98,19
735,211.75.23.32,19
736,177.19.255.253,19
737,196.222.6.8,19
738,67.176.80.23,19
739,151.177.137.156,19
740,46.99.158.243,19
741,60.172.5.108,19
742,213.6.54.230,19
743,185.199.25.250,19
744,222.164.65.34,19
745,118.163.128.168,19
746,142.93.209.228,19
747,42.119.75.185,19
748,60.172.5.153,19
749,116.86.71.242,19
750,1.168.33.160,19
751,94.177.216.29,19
752,78.63.192.30,19
753,222.174.255.14,18
754,103.87.25.74,18
755,188.122.30.114,18
756,200.87.35.178,18
757,118.99.218.146,18
758,221.206.195.83,18
759,116.87.57.229,18
760,153.199.230.157,18
761,84.95.58.30,18
762,168.196.107.6,18
763,58.216.251.106,18
764,202.156.112.42,18
765,187.72.137.161,18
766,61.216.181.11,18
767,182.55.237.167,18
768,60.248.123.163,18
769,223.78.158.242,18
770,116.88.90.213,18
771,194.68.167.31,18
772,114.134.190.182,18
773,40.91.206.16,18
774,114.102.12.39,18
775,60.165.48.97,18
776,121.97.68.167,18
777,84.246.145.22,18
778,49.4.123.4,18
779,114.35.249.114,18
780,46.236.65.9,18
781,188.17.171.101,18
782,118.174.149.194,18
783,85.203.128.172,18
784,201.224.73.139,18
785,89.233.219.46,18
786,174.49.113.42,18
787,210.121.164.121,18
788,202.79.48.18,18
789,218.56.148.210,18
790,82.81.69.64,18
791,195.9.250.28,18
792,121.165.206.30,18
793,193.106.101.28,18
794,183.193.234.154,18
795,116.87.44.21,18
796,118.163.89.236,18
797,39.106.120.19,18
798,138.68.238.67,18
799,81.190.122.33,18
800,60.255.146.181,18
801,45.233.192.6,18
802,185.112.164.149,18
803,123.16.13.65,18
804,125.227.50.123,18
805,41.33.58.253,18
806,186.235.86.182,18
807,219.85.219.201,18
808,119.15.157.82,18
809,46.174.61.211,18
810,61.220.24.105,18
811,195.54.177.36,18
812,187.45.171.218,18
813,80.11.47.135,18
814,111.231.194.41,18
815,222.164.219.106,18
816,88.176.192.58,18
817,88.165.63.5,18
818,190.82.100.38,18
819,39.109.213.142,18
820,125.227.36.152,18
821,181.143.253.163,18
822,116.86.208.234,18
823,211.75.155.23,18
824,159.192.120.210,18
825,173.176.122.220,18
826,58.182.49.147,18
827,101.127.181.74,18
828,125.227.57.247,18
829,211.23.156.54,18
830,182.55.214.160,18
831,180.218.90.244,18
832,50.244.25.90,18
833,206.189.138.239,18
834,61.216.138.156,18
835,202.83.165.189,18
836,116.86.158.239,18
837,217.72.57.219,18
838,66.85.6.146,18
839,223.78.184.221,18
840,69.23.208.31,18
841,104.248.79.150,18
842,104.248.127.72,18
843,96.56.105.140,18
844,190.13.134.85,18
845,85.15.188.19,17
846,182.23.20.117,17
847,181.31.137.54,17
848,61.164.96.122,17
849,183.193.234.174,17
850,88.250.2.56,17
851,164.77.95.61,17
852,90.150.90.202,17
853,82.200.191.122,17
854,124.224.205.242,17
855,62.250.106.199,17
856,218.212.192.84,17
857,37.79.216.149,17
858,103.113.156.46,17
859,61.244.174.142,17
860,27.79.244.247,17
861,194.147.32.160,17
862,37.191.154.45,17
863,213.32.95.48,17
864,200.2.100.13,17
865,66.231.25.224,17
866,41.73.244.27,17
867,83.209.255.221,17
868,218.212.132.104,17
869,87.140.30.174,17
870,123.254.214.120,17
871,115.238.132.61,17
872,104.248.112.170,17
873,186.10.64.187,17
874,123.69.192.235,17
875,86.105.51.95,17
876,122.80.61.74,17
877,41.65.60.204,17
878,118.163.152.36,17
879,190.13.129.244,17
880,139.59.153.117,17
881,103.25.75.246,17
882,66.96.218.126,17
883,107.182.214.120,17
884,185.244.25.197,17
885,58.240.199.186,17
886,203.67.93.169,17
887,124.128.202.78,17
888,203.74.133.120,17
889,195.215.228.138,17
890,64.209.31.5,17
891,177.155.60.82,17
892,157.230.100.109,17
893,59.16.240.77,17
894,86.110.223.221,17
895,203.202.249.230,17
896,59.189.109.50,17
897,39.109.139.119,17
898,125.26.109.202,17
899,202.79.59.37,17
900,58.210.95.198,17
901,115.231.231.162,17
902,39.109.141.235,17
903,116.99.34.101,17
904,39.109.191.14,17
905,188.117.148.178,17
906,203.160.181.19,17
907,61.216.174.137,17
908,107.175.145.204,17
909,77.107.41.82,17
910,205.185.126.185,17
911,37.191.222.195,17
912,159.203.116.79,17
913,60.251.224.66,17
914,117.78.41.42,17
915,109.96.173.221,17
916,103.114.163.38,17
917,195.9.250.29,17
918,144.217.18.39,17
919,58.95.66.101,17
920,211.21.155.105,17
921,125.227.133.156,17
922,94.207.28.130,17
923,188.113.75.241,17
924,96.2.17.39,17
925,203.202.255.20,17
926,201.184.100.3,17
927,5.8.112.48,17
928,88.255.251.147,17
929,203.186.152.254,17
930,190.145.23.29,17
931,62.219.226.248,17
932,46.37.64.2,17
933,59.120.154.25,17
934,87.118.38.247,17
935,107.131.222.116,17
936,206.189.139.96,17
937,119.98.161.192,17
938,180.169.137.238,17
939,103.69.89.235,17
940,122.117.34.67,17
941,88.158.222.42,17
942,155.0.39.80,17
943,77.40.243.75,17
944,190.128.210.46,17
945,59.41.103.97,17
946,185.244.25.145,17
947,213.125.130.178,17
948,37.191.168.105,17
949,82.222.59.107,17
950,83.68.244.51,17
951,125.164.133.70,17
952,114.218.212.127,17
953,183.224.78.176,17
954,78.83.27.112,17
955,79.98.73.6,17
956,94.156.245.202,17
957,202.79.52.24,17
958,183.96.12.39,17
959,155.4.216.36,17
960,138.197.173.206,16
961,222.165.116.33,16
962,81.214.245.176,16
963,119.15.153.234,16
964,61.164.96.154,16
965,23.116.185.114,16
966,104.248.74.145,16
967,98.14.93.20,16
968,122.192.5.82,16
969,217.61.15.169,16
970,121.169.8.3,16
971,96.87.237.210,16
972,124.197.72.234,16
973,125.227.19.100,16
974,114.32.151.75,16
975,60.175.165.171,16
976,42.200.130.155,16
977,202.79.48.130,16
978,183.129.254.92,16
979,189.89.155.20,16
980,61.222.32.155,16
981,118.163.249.70,16
982,12.145.12.107,16
983,112.82.116.2,16
984,37.194.8.144,16
985,210.59.165.215,16
986,182.46.24.26,16
987,61.216.91.164,16
988,1.186.219.13,16
989,110.52.29.65,16
990,218.156.38.232,16
991,109.98.71.230,16
992,111.40.98.212,16
993,123.195.200.154,16
994,190.54.28.68,16
995,31.168.115.123,16
996,202.79.54.6,16
997,218.156.38.172,16
998,72.229.18.37,16
999,92.83.0.82,16
